[{"virtualX":0,"virtualZ":0,"BuildingNum":0},{"virtualX":-1,"virtualZ":1,"BuildingNum":0},{"virtualX":-2,"virtualZ":2,"BuildingNum":0},{"virtualX":-3,"virtualZ":3,"BuildingNum":2},{"virtualX":-4,"virtualZ":4,"BuildingNum":0},{"virtualX":-5,"virtualZ":5,"BuildingNum":0},{"virtualX":-6,"virtualZ":6,"BuildingNum":0},{"virtualX":-7,"virtualZ":7,"BuildingNum":0},{"virtualX":-6,"virtualZ":7,"BuildingNum":0},{"virtualX":-5,"virtualZ":7,"BuildingNum":0},{"virtualX":-5,"virtualZ":6,"BuildingNum":0},{"virtualX":-4,"virtualZ":7,"BuildingNum":0},{"virtualX":-4,"virtualZ":6,"BuildingNum":0},{"virtualX":-3,"virtualZ":7,"BuildingNum":0},{"virtualX":-3,"virtualZ":6,"BuildingNum":0},{"virtualX":-2,"virtualZ":7,"BuildingNum":0},{"virtualX":-2,"virtualZ":6,"BuildingNum":0},{"virtualX":-1,"virtualZ":7,"BuildingNum":0},{"virtualX":-1,"virtualZ":6,"BuildingNum":0},{"virtualX":0,"virtualZ":7,"BuildingNum":0},{"virtualX":0,"virtualZ":6,"BuildingNum":0},{"virtualX":1,"virtualZ":7,"BuildingNum":0},{"virtualX":1,"virtualZ":6,"BuildingNum":0},{"virtualX":2,"virtualZ":7,"BuildingNum":0},{"virtualX":2,"virtualZ":6,"BuildingNum":0},{"virtualX":3,"virtualZ":7,"BuildingNum":0},{"virtualX":3,"virtualZ":6,"BuildingNum":0},{"virtualX":4,"virtualZ":7,"BuildingNum":0},{"virtualX":4,"virtualZ":6,"BuildingNum":0},{"virtualX":5,"virtualZ":7,"BuildingNum":0},{"virtualX":5,"virtualZ":6,"BuildingNum":0},{"virtualX":6,"virtualZ":7,"BuildingNum":0},{"virtualX":6,"virtualZ":6,"BuildingNum":0},{"virtualX":7,"virtualZ":7,"BuildingNum":0},{"virtualX":7,"virtualZ":6,"BuildingNum":0},{"virtualX":7,"virtualZ":5,"BuildingNum":0},{"virtualX":6,"virtualZ":5,"BuildingNum":3},{"virtualX":7,"virtualZ":4,"BuildingNum":0},{"virtualX":6,"virtualZ":4,"BuildingNum":0},{"virtualX":5,"virtualZ":5,"BuildingNum":0},{"virtualX":5,"virtualZ":4,"BuildingNum":0},{"virtualX":4,"virtualZ":5,"BuildingNum":0},{"virtualX":4,"virtualZ":4,"BuildingNum":0},{"virtualX":3,"virtualZ":5,"BuildingNum":0},{"virtualX":3,"virtualZ":4,"BuildingNum":0},{"virtualX":2,"virtualZ":5,"BuildingNum":0},{"virtualX":2,"virtualZ":4,"BuildingNum":0},{"virtualX":1,"virtualZ":5,"BuildingNum":0},{"virtualX":1,"virtualZ":4,"BuildingNum":0},{"virtualX":0,"virtualZ":5,"BuildingNum":0},{"virtualX":0,"virtualZ":4,"BuildingNum":0},{"virtualX":-1,"virtualZ":5,"BuildingNum":0},{"virtualX":-1,"virtualZ":4,"BuildingNum":0},{"virtualX":-2,"virtualZ":5,"BuildingNum":0},{"virtualX":-2,"virtualZ":4,"BuildingNum":0},{"virtualX":-3,"virtualZ":5,"BuildingNum":0},{"virtualX":-3,"virtualZ":4,"BuildingNum":0},{"virtualX":-4,"virtualZ":5,"BuildingNum":0},{"virtualX":-5,"virtualZ":4,"BuildingNum":0},{"virtualX":-6,"virtualZ":5,"BuildingNum":0},{"virtualX":-7,"virtualZ":6,"BuildingNum":0},{"virtualX":-6,"virtualZ":4,"BuildingNum":3},{"virtualX":-7,"virtualZ":5,"BuildingNum":0},{"virtualX":-5,"virtualZ":3,"BuildingNum":0},{"virtualX":-4,"virtualZ":3,"BuildingNum":0},{"virtualX":-3,"virtualZ":2,"BuildingNum":2},{"virtualX":-2,"virtualZ":3,"BuildingNum":0},{"virtualX":-1,"virtualZ":3,"BuildingNum":0},{"virtualX":0,"virtualZ":3,"BuildingNum":0},{"virtualX":1,"virtualZ":3,"BuildingNum":0},{"virtualX":2,"virtualZ":3,"BuildingNum":0},{"virtualX":3,"virtualZ":3,"BuildingNum":1},{"virtualX":4,"virtualZ":3,"BuildingNum":0},{"virtualX":5,"virtualZ":3,"BuildingNum":0},{"virtualX":6,"virtualZ":3,"BuildingNum":0},{"virtualX":7,"virtualZ":3,"BuildingNum":0},{"virtualX":7,"virtualZ":2,"BuildingNum":0},{"virtualX":6,"virtualZ":2,"BuildingNum":0},{"virtualX":7,"virtualZ":1,"BuildingNum":0},{"virtualX":6,"virtualZ":1,"BuildingNum":0},{"virtualX":5,"virtualZ":2,"BuildingNum":0},{"virtualX":5,"virtualZ":1,"BuildingNum":2},{"virtualX":4,"virtualZ":2,"BuildingNum":0},{"virtualX":4,"virtualZ":1,"BuildingNum":0},{"virtualX":3,"virtualZ":2,"BuildingNum":0},{"virtualX":3,"virtualZ":1,"BuildingNum":2},{"virtualX":2,"virtualZ":2,"BuildingNum":0},{"virtualX":2,"virtualZ":1,"BuildingNum":0},{"virtualX":1,"virtualZ":2,"BuildingNum":0},{"virtualX":1,"virtualZ":1,"BuildingNum":0},{"virtualX":0,"virtualZ":2,"BuildingNum":0},{"virtualX":0,"virtualZ":1,"BuildingNum":0},{"virtualX":-1,"virtualZ":2,"BuildingNum":0},{"virtualX":-2,"virtualZ":1,"BuildingNum":0},{"virtualX":-1,"virtualZ":0,"BuildingNum":0},{"virtualX":0,"virtualZ":-1,"BuildingNum":0},{"virtualX":1,"virtualZ":0,"BuildingNum":0},{"virtualX":2,"virtualZ":0,"BuildingNum":0},{"virtualX":3,"virtualZ":0,"BuildingNum":0},{"virtualX":4,"virtualZ":0,"BuildingNum":0},{"virtualX":5,"virtualZ":0,"BuildingNum":0},{"virtualX":6,"virtualZ":0,"BuildingNum":0},{"virtualX":7,"virtualZ":0,"BuildingNum":0},{"virtualX":7,"virtualZ":-1,"BuildingNum":0},{"virtualX":6,"virtualZ":-1,"BuildingNum":0},{"virtualX":7,"virtualZ":-2,"BuildingNum":0},{"virtualX":6,"virtualZ":-2,"BuildingNum":0},{"virtualX":5,"virtualZ":-1,"BuildingNum":0},{"virtualX":5,"virtualZ":-2,"BuildingNum":0},{"virtualX":4,"virtualZ":-1,"BuildingNum":0},{"virtualX":4,"virtualZ":-2,"BuildingNum":0},{"virtualX":3,"virtualZ":-1,"BuildingNum":0},{"virtualX":3,"virtualZ":-2,"BuildingNum":0},{"virtualX":2,"virtualZ":-1,"BuildingNum":0},{"virtualX":2,"virtualZ":-2,"BuildingNum":0},{"virtualX":1,"virtualZ":-1,"BuildingNum":0},{"virtualX":1,"virtualZ":-2,"BuildingNum":0},{"virtualX":2,"virtualZ":-3,"BuildingNum":0},{"virtualX":3,"virtualZ":-3,"BuildingNum":2},{"virtualX":4,"virtualZ":-3,"BuildingNum":0},{"virtualX":5,"virtualZ":-3,"BuildingNum":3},{"virtualX":6,"virtualZ":-3,"BuildingNum":0},{"virtualX":7,"virtualZ":-3,"BuildingNum":0},{"virtualX":7,"virtualZ":-4,"BuildingNum":0},{"virtualX":6,"virtualZ":-4,"BuildingNum":0},{"virtualX":7,"virtualZ":-5,"BuildingNum":0},{"virtualX":6,"virtualZ":-5,"BuildingNum":0},{"virtualX":5,"virtualZ":-4,"BuildingNum":0},{"virtualX":5,"virtualZ":-5,"BuildingNum":0},{"virtualX":4,"virtualZ":-4,"BuildingNum":1},{"virtualX":4,"virtualZ":-5,"BuildingNum":0},{"virtualX":3,"virtualZ":-4,"BuildingNum":0},{"virtualX":3,"virtualZ":-5,"BuildingNum":0},{"virtualX":2,"virtualZ":-4,"BuildingNum":0},{"virtualX":1,"virtualZ":-3,"BuildingNum":0},{"virtualX":0,"virtualZ":-2,"BuildingNum":0},{"virtualX":-1,"virtualZ":-1,"BuildingNum":0},{"virtualX":-2,"virtualZ":0,"BuildingNum":0},{"virtualX":-3,"virtualZ":1,"BuildingNum":2},{"virtualX":-4,"virtualZ":2,"BuildingNum":0},{"virtualX":-4,"virtualZ":1,"BuildingNum":0},{"virtualX":-5,"virtualZ":2,"BuildingNum":0},{"virtualX":-6,"virtualZ":3,"BuildingNum":3},{"virtualX":-7,"virtualZ":4,"BuildingNum":0},{"virtualX":-6,"virtualZ":2,"BuildingNum":1},{"virtualX":-7,"virtualZ":3,"BuildingNum":0},{"virtualX":-5,"virtualZ":1,"BuildingNum":0},{"virtualX":-4,"virtualZ":0,"BuildingNum":0},{"virtualX":-3,"virtualZ":0,"BuildingNum":0},{"virtualX":-2,"virtualZ":-1,"BuildingNum":0},{"virtualX":-1,"virtualZ":-2,"BuildingNum":0},{"virtualX":0,"virtualZ":-3,"BuildingNum":0},{"virtualX":1,"virtualZ":-4,"BuildingNum":0},{"virtualX":2,"virtualZ":-5,"BuildingNum":0},{"virtualX":3,"virtualZ":-6,"BuildingNum":0},{"virtualX":4,"virtualZ":-6,"BuildingNum":0},{"virtualX":5,"virtualZ":-6,"BuildingNum":0},{"virtualX":6,"virtualZ":-6,"BuildingNum":0},{"virtualX":7,"virtualZ":-6,"BuildingNum":0},{"virtualX":7,"virtualZ":-7,"BuildingNum":0},{"virtualX":6,"virtualZ":-7,"BuildingNum":0},{"virtualX":5,"virtualZ":-7,"BuildingNum":0},{"virtualX":4,"virtualZ":-7,"BuildingNum":0},{"virtualX":3,"virtualZ":-7,"BuildingNum":0},{"virtualX":2,"virtualZ":-7,"BuildingNum":0},{"virtualX":2,"virtualZ":-6,"BuildingNum":0},{"virtualX":1,"virtualZ":-5,"BuildingNum":0},{"virtualX":0,"virtualZ":-4,"BuildingNum":0},{"virtualX":-1,"virtualZ":-3,"BuildingNum":0},{"virtualX":-2,"virtualZ":-2,"BuildingNum":0},{"virtualX":-3,"virtualZ":-1,"BuildingNum":2},{"virtualX":-3,"virtualZ":-2,"BuildingNum":0},{"virtualX":-4,"virtualZ":-1,"BuildingNum":0},{"virtualX":-5,"virtualZ":0,"BuildingNum":0},{"virtualX":-6,"virtualZ":1,"BuildingNum":0},{"virtualX":-7,"virtualZ":2,"BuildingNum":0},{"virtualX":-6,"virtualZ":0,"BuildingNum":0},{"virtualX":-7,"virtualZ":1,"BuildingNum":0},{"virtualX":-5,"virtualZ":-1,"BuildingNum":0},{"virtualX":-4,"virtualZ":-2,"BuildingNum":0},{"virtualX":-3,"virtualZ":-3,"BuildingNum":3},{"virtualX":-2,"virtualZ":-3,"BuildingNum":1},{"virtualX":-1,"virtualZ":-4,"BuildingNum":0},{"virtualX":0,"virtualZ":-5,"BuildingNum":0},{"virtualX":1,"virtualZ":-6,"BuildingNum":0},{"virtualX":1,"virtualZ":-7,"BuildingNum":0},{"virtualX":0,"virtualZ":-7,"BuildingNum":0},{"virtualX":0,"virtualZ":-6,"BuildingNum":0},{"virtualX":-1,"virtualZ":-5,"BuildingNum":1},{"virtualX":-2,"virtualZ":-4,"BuildingNum":0},{"virtualX":-2,"virtualZ":-5,"BuildingNum":0},{"virtualX":-3,"virtualZ":-4,"BuildingNum":0},{"virtualX":-4,"virtualZ":-3,"BuildingNum":1},{"virtualX":-5,"virtualZ":-2,"BuildingNum":0},{"virtualX":-6,"virtualZ":-1,"BuildingNum":2},{"virtualX":-7,"virtualZ":0,"BuildingNum":3},{"virtualX":-6,"virtualZ":-2,"BuildingNum":0},{"virtualX":-7,"virtualZ":-1,"BuildingNum":0},{"virtualX":-5,"virtualZ":-3,"BuildingNum":0},{"virtualX":-4,"virtualZ":-4,"BuildingNum":2},{"virtualX":-3,"virtualZ":-5,"BuildingNum":0},{"virtualX":-2,"virtualZ":-6,"BuildingNum":0},{"virtualX":-1,"virtualZ":-6,"BuildingNum":0},{"virtualX":-1,"virtualZ":-7,"BuildingNum":0},{"virtualX":-2,"virtualZ":-7,"BuildingNum":0},{"virtualX":-3,"virtualZ":-7,"BuildingNum":0},{"virtualX":-3,"virtualZ":-6,"BuildingNum":0},{"virtualX":-4,"virtualZ":-5,"BuildingNum":0},{"virtualX":-5,"virtualZ":-4,"BuildingNum":0},{"virtualX":-6,"virtualZ":-3,"BuildingNum":0},{"virtualX":-7,"virtualZ":-2,"BuildingNum":0},{"virtualX":-6,"virtualZ":-4,"BuildingNum":0},{"virtualX":-7,"virtualZ":-3,"BuildingNum":0},{"virtualX":-5,"virtualZ":-5,"BuildingNum":0},{"virtualX":-4,"virtualZ":-6,"BuildingNum":0},{"virtualX":-4,"virtualZ":-7,"BuildingNum":0},{"virtualX":-5,"virtualZ":-7,"BuildingNum":0},{"virtualX":-5,"virtualZ":-6,"BuildingNum":0},{"virtualX":-6,"virtualZ":-5,"BuildingNum":0},{"virtualX":-7,"virtualZ":-4,"BuildingNum":0},{"virtualX":-6,"virtualZ":-6,"BuildingNum":0},{"virtualX":-7,"virtualZ":-5,"BuildingNum":0},{"virtualX":-6,"virtualZ":-7,"BuildingNum":0},{"virtualX":-7,"virtualZ":-7,"BuildingNum":0},{"virtualX":-7,"virtualZ":-6,"BuildingNum":0}]